year,unemployment_rate,pcpi_nominal,population_thousands,state_abbrev,state_name,state_fips
2003,5.95,26700.0,4503.491,AL,Alabama,01
2004,5.575,28385.0,4530.729,AL,Alabama,01
2005,4.458333333333333,29780.0,4569.805,AL,Alabama,01
2006,4.008333333333333,31264.0,4628.981,AL,Alabama,01
2007,4.066666666666666,32516.0,4672.84,AL,Alabama,01
2008,5.916666666666667,33441.0,4718.206,AL,Alabama,01
2009,9.733333333333333,32717.0,4757.938,AL,Alabama,01
2010,10.375,33848.0,4785.514,AL,Alabama,01
2011,9.558333333333334,34884.0,4799.642,AL,Alabama,01
2012,8.174999999999999,35559.0,4816.632,AL,Alabama,01
2013,7.358333333333333,35706.0,4831.586,AL,Alabama,01
2014,6.766666666666667,36722.0,4843.737,AL,Alabama,01
2015,6.083333333333333,38189.0,4854.803,AL,Alabama,01
2016,5.8,38704.0,4866.824,AL,Alabama,01
2017,4.508333333333334,39968.0,4877.989,AL,Alabama,01
2018,3.9250000000000003,41324.0,4891.628,AL,Alabama,01
2019,3.1916666666666664,42998.0,4907.965,AL,Alabama,01
2020,6.408333333333334,45843.0,5033.094,AL,Alabama,01
2021,3.35,50495.0,5049.196,AL,Alabama,01
2022,2.4916666666666667,51660.0,5076.181,AL,Alabama,01
2023,2.4666666666666663,54112.0,5117.673,AL,Alabama,01
2003,7.675,36045.0,648.414,AK,Alaska,02
2004,7.416666666666667,37054.0,659.286,AK,Alaska,02
2005,6.925,39013.0,666.946,AK,Alaska,02
2006,6.616666666666667,41013.0,675.302,AK,Alaska,02
2007,6.25,43747.0,680.3,AK,Alaska,02
2008,6.508333333333333,47800.0,687.455,AK,Alaska,02
2009,7.833333333333333,47211.0,698.895,AK,Alaska,02
2010,7.991666666666667,49543.0,713.982,AK,Alaska,02
2011,7.608333333333333,52415.0,722.349,AK,Alaska,02
2012,7.133333333333333,53340.0,730.81,AK,Alaska,02
2013,6.925000000000001,52252.0,737.626,AK,Alaska,02
2014,6.741666666666667,55098.0,737.075,AK,Alaska,02
2015,6.283333333333334,56714.0,738.43,AK,Alaska,02
2016,6.625,55536.0,742.575,AK,Alaska,02
2017,6.608333333333333,56500.0,740.983,AK,Alaska,02
2018,6.091666666666666,58997.0,736.624,AK,Alaska,02
2019,5.6000000000000005,60504.0,733.603,AK,Alaska,02
2020,8.283333333333333,61853.0,733.017,AK,Alaska,02
2021,6.3999999999999995,65608.0,734.42,AK,Alaska,02
2022,4.258333333333334,68905.0,734.442,AK,Alaska,02
2023,4.241666666666666,71309.0,736.51,AK,Alaska,02
2003,5.783333333333334,28384.0,5510.364,AZ,Arizona,04
2004,4.958333333333333,30154.0,5652.404,AZ,Arizona,04
2005,4.641666666666667,32150.0,5839.077,AZ,Arizona,04
2006,4.266666666666667,34460.0,6029.141,AZ,Arizona,04
2007,3.6999999999999997,35602.0,6167.681,AZ,Arizona,04
2008,5.766666666666667,35586.0,6280.362,AZ,Arizona,04
2009,9.716666666666667,33467.0,6343.154,AZ,Arizona,04
2010,10.358333333333333,33778.0,6407.342,AZ,Arizona,04
2011,9.5,35263.0,6473.416,AZ,Arizona,04
2012,8.391666666666667,36364.0,6556.344,AZ,Arizona,04
2013,7.841666666666666,36918.0,6634.69,AZ,Arizona,04
2014,6.816666666666666,38268.0,6732.873,AZ,Arizona,04
2015,6.108333333333333,39888.0,6832.81,AZ,Arizona,04
2016,5.5,41173.0,6944.767,AZ,Arizona,04
2017,4.958333333333333,43255.0,7048.088,AZ,Arizona,04
2018,4.808333333333334,45297.0,7164.228,AZ,Arizona,04
2019,4.816666666666666,47718.0,7291.843,AZ,Arizona,04
2020,7.825,52038.0,7187.135,AZ,Arizona,04
2021,5.041666666666667,56963.0,7274.078,AZ,Arizona,04
2022,3.716666666666667,58873.0,7377.566,AZ,Arizona,04
2023,3.6666666666666665,62194.0,7473.027,AZ,Arizona,04
2003,5.758333333333333,25564.0,2724.816,AR,Arkansas,05
2004,5.566666666666666,27024.0,2749.686,AR,Arkansas,05
2005,5.266666666666667,28043.0,2781.097,AR,Arkansas,05
2006,5.233333333333333,29376.0,2821.761,AR,Arkansas,05
2007,5.383333333333333,31036.0,2848.65,AR,Arkansas,05
2008,5.416666666666667,32157.0,2874.554,AR,Arkansas,05
2009,7.708333333333333,31411.0,2896.843,AR,Arkansas,05
2010,7.833333333333333,32218.0,2921.998,AR,Arkansas,05
2011,7.883333333333333,34181.0,2941.038,AR,Arkansas,05
2012,7.258333333333333,36289.0,2952.876,AR,Arkansas,05
2013,7.041666666666667,36286.0,2960.459,AR,Arkansas,05
2014,5.875,38220.0,2968.759,AR,Arkansas,05
2015,4.95,39267.0,2979.732,AR,Arkansas,05
2016,3.975,40181.0,2991.815,AR,Arkansas,05
2017,3.7416666666666667,41403.0,3003.855,AR,Arkansas,05
2018,3.65,43031.0,3012.161,AR,Arkansas,05
2019,3.4916666666666667,43737.0,3020.985,AR,Arkansas,05
2020,6.158333333333334,47100.0,3014.546,AR,Arkansas,05
2021,4.033333333333333,52872.0,3026.87,AR,Arkansas,05
2022,3.1750000000000003,55299.0,3047.704,AR,Arkansas,05
2023,3.141666666666667,57603.0,3069.463,AR,Arkansas,05
2003,6.8999999999999995,35191.0,35253.159,CA,California,06
2004,6.2250000000000005,36969.0,35574.576,CA,California,06
2005,5.391666666666667,38737.0,35827.943,CA,California,06
2006,4.891666666666667,41454.0,36021.202,CA,California,06
2007,5.316666666666666,43070.0,36250.311,CA,California,06
2008,7.283333333333334,43391.0,36604.337,CA,California,06
2009,11.450000000000001,41660.0,36961.229,CA,California,06
2010,12.316666666666668,43137.0,37319.55,CA,California,06
2011,11.733333333333334,45508.0,37636.311,CA,California,06
2012,10.391666666666667,47793.0,37944.551,CA,California,06
2013,9.025,48074.0,38253.768,CA,California,06
2014,7.566666666666666,50617.0,38586.706,CA,California,06
2015,6.216666666666666,53816.0,38904.296,CA,California,06
2016,5.516666666666667,55862.0,39149.186,CA,California,06
2017,4.833333333333333,58214.0,39337.785,CA,California,06
2018,4.258333333333334,60984.0,39437.463,CA,California,06
2019,4.091666666666667,64219.0,39437.61,CA,California,06
2020,10.166666666666666,70065.0,39521.958,CA,California,06
2021,7.3500000000000005,76887.0,39142.565,CA,California,06
2022,4.291666666666667,76741.0,39142.414,CA,California,06
2023,4.7250000000000005,80771.0,39198.693,CA,California,06
2003,6.116666666666667,34757.0,4528.732,CO,Colorado,08
2004,5.566666666666666,35753.0,4575.013,CO,Colorado,08
2005,5.083333333333333,37619.0,4631.888,CO,Colorado,08
2006,4.25,39869.0,4720.423,CO,Colorado,08
2007,3.6833333333333336,41760.0,4803.868,CO,Colorado,08
2008,4.841666666666667,42961.0,4889.73,CO,Colorado,08
2009,7.949999999999999,40258.0,4972.195,CO,Colorado,08
2010,9.141666666666667,40827.0,5047.539,CO,Colorado,08
2011,8.691666666666666,43735.0,5121.9,CO,Colorado,08
2012,7.991666666666667,45495.0,5193.66,CO,Colorado,08
2013,6.7250000000000005,47088.0,5270.774,CO,Colorado,08
2014,4.95,50251.0,5352.637,CO,Colorado,08
2015,3.6999999999999997,51401.0,5454.328,CO,Colorado,08
2016,3.1166666666666667,51312.0,5543.844,CO,Colorado,08
2017,2.6166666666666667,54176.0,5617.421,CO,Colorado,08
2018,3.025,57798.0,5697.155,CO,Colorado,08
2019,2.6666666666666665,61278.0,5758.486,CO,Colorado,08
2020,6.791666666666667,64671.0,5787.129,CO,Colorado,08
2021,5.508333333333333,71676.0,5814.036,CO,Colorado,08
2022,3.1,76544.0,5850.935,CO,Colorado,08
2023,3.3000000000000003,79746.0,5901.339,CO,Colorado,08
2003,5.458333333333333,44898.0,3484.336,CT,Connecticut,09
2004,5.05,47098.0,3496.094,CT,Connecticut,09
2005,4.858333333333333,49424.0,3506.956,CT,Connecticut,09
2006,4.425,53224.0,3517.46,CT,Connecticut,09
2007,4.533333333333333,57112.0,3527.27,CT,Connecticut,09
2008,5.641666666666667,60543.0,3545.579,CT,Connecticut,09
2009,8.258333333333333,59586.0,3561.807,CT,Connecticut,09
2010,9.491666666666667,61392.0,3579.173,CT,Connecticut,09
2011,9.008333333333333,62964.0,3588.632,CT,Connecticut,09
2012,8.383333333333335,63556.0,3595.211,CT,Connecticut,09
2013,7.95,62000.0,3595.792,CT,Connecticut,09
2014,6.616666666666667,64484.0,3595.697,CT,Connecticut,09
2015,5.608333333333333,66222.0,3588.561,CT,Connecticut,09
2016,4.875,67551.0,3579.83,CT,Connecticut,09
2017,4.408333333333333,69147.0,3575.324,CT,Connecticut,09
2018,3.9,72159.0,3574.561,CT,Connecticut,09
2019,3.5833333333333335,74176.0,3566.022,CT,Connecticut,09
2020,8.008333333333333,76779.0,3579.918,CT,Connecticut,09
2021,6.458333333333333,81692.0,3606.607,CT,Connecticut,09
2022,4.033333333333333,84777.0,3617.925,CT,Connecticut,09
2023,3.1999999999999997,89307.0,3643.023,CT,Connecticut,09
2003,4.25,37985.0,818.003,DE,Delaware,10
2004,4.008333333333333,38843.0,830.803,DE,Delaware,10
2005,4.125,39133.0,845.15,DE,Delaware,10
2006,3.5833333333333335,40736.0,859.268,DE,Delaware,10
2007,3.4,41539.0,871.749,DE,Delaware,10
2008,4.866666666666666,41254.0,883.874,DE,Delaware,10
2009,8.158333333333333,41056.0,891.73,DE,Delaware,10
2010,8.299999999999999,41100.0,899.647,DE,Delaware,10
2011,7.433333333333334,43779.0,907.59,DE,Delaware,10
2012,6.958333333333333,43771.0,915.518,DE,Delaware,10
2013,6.533333333333334,43943.0,924.062,DE,Delaware,10
2014,5.616666666666667,45359.0,933.131,DE,Delaware,10
2015,4.808333333333334,47238.0,942.065,DE,Delaware,10
2016,4.533333333333333,48186.0,949.989,DE,Delaware,10
2017,4.3999999999999995,49997.0,957.942,DE,Delaware,10
2018,3.6916666666666664,52670.0,966.985,DE,Delaware,10
2019,3.5500000000000003,53778.0,976.668,DE,Delaware,10
2020,7.5249999999999995,55497.0,991.928,DE,Delaware,10
2021,5.441666666666666,59619.0,1005.062,DE,Delaware,10
2022,4.175,63890.0,1020.625,DE,Delaware,10
2023,3.8333333333333335,66557.0,1036.423,DE,Delaware,10
2003,6.833333333333333,45978.0,568.502,DC,District of Columbia,11
2004,7.5,49986.0,567.754,DC,District of Columbia,11
2005,6.466666666666666,52686.0,567.136,DC,District of Columbia,11
2006,5.833333333333333,55384.0,570.681,DC,District of Columbia,11
2007,5.541666666666667,59358.0,574.404,DC,District of Columbia,11
2008,6.508333333333333,60609.0,580.236,DC,District of Columbia,11
2009,9.541666666666666,60011.0,592.228,DC,District of Columbia,11
2010,9.775,63190.0,605.282,DC,District of Columbia,11
2011,10.083333333333334,66985.0,620.29,DC,District of Columbia,11
2012,8.958333333333334,67522.0,635.737,DC,District of Columbia,11
2013,8.416666666666666,67081.0,651.559,DC,District of Columbia,11
2014,7.716666666666666,70527.0,663.603,DC,District of Columbia,11
2015,6.883333333333333,74784.0,677.014,DC,District of Columbia,11
2016,6.233333333333333,77500.0,687.576,DC,District of Columbia,11
2017,6.108333333333333,79567.0,697.079,DC,District of Columbia,11
2018,5.716666666666666,82272.0,704.147,DC,District of Columbia,11
2019,5.516666666666667,83675.0,708.253,DC,District of Columbia,11
2020,7.966666666666666,90691.0,670.917,DC,District of Columbia,11
2021,6.833333333333333,97764.0,669.256,DC,District of Columbia,11
2022,4.7,100153.0,676.725,DC,District of Columbia,11
2023,4.8500000000000005,105518.0,687.324,DC,District of Columbia,11
2003,5.291666666666667,31779.0,17004.085,FL,Florida,12
2004,4.608333333333333,33706.0,17415.318,FL,Florida,12
2005,3.7416666666666667,35736.0,17842.038,FL,Florida,12
2006,3.283333333333333,38009.0,18166.99,FL,Florida,12
2007,4.008333333333334,39184.0,18367.842,FL,Florida,12
2008,6.3,39185.0,18527.305,FL,Florida,12
2009,10.216666666666667,36777.0,18652.644,FL,Florida,12
2010,11.25,38779.0,18846.143,FL,Florida,12
2011,10.183333333333334,40437.0,19055.607,FL,Florida,12
2012,8.674999999999999,41211.0,19302.016,FL,Florida,12
2013,7.516666666666667,40743.0,19551.678,FL,Florida,12
2014,6.441666666666666,42877.0,19853.88,FL,Florida,12
2015,5.5,44957.0,20219.111,FL,Florida,12
2016,4.908333333333334,45730.0,20627.237,FL,Florida,12
2017,4.283333333333333,48447.0,20977.089,FL,Florida,12
2018,3.641666666666667,51015.0,21254.926,FL,Florida,12
2019,3.2416666666666667,53666.0,21492.056,FL,Florida,12
2020,8.066666666666666,56539.0,21592.035,FL,Florida,12
2021,4.716666666666667,62238.0,21831.949,FL,Florida,12
2022,3.016666666666667,64171.0,22379.312,FL,Florida,12
2023,2.9499999999999997,67821.0,22904.868,FL,Florida,12
2003,4.825,30805.0,8622.793,GA,Georgia,13
2004,4.766666666666667,31982.0,8769.252,GA,Georgia,13
2005,5.283333333333333,33283.0,8925.922,GA,Georgia,13
2006,4.658333333333333,34574.0,9155.813,GA,Georgia,13
2007,4.575,35440.0,9349.988,GA,Georgia,13
2008,6.408333333333334,35272.0,9504.843,GA,Georgia,13
2009,9.908333333333333,34213.0,9620.846,GA,Georgia,13
2010,10.383333333333333,34740.0,9712.209,GA,Georgia,13
2011,10.033333333333333,36760.0,9803.63,GA,Georgia,13
2012,9.041666666666666,37250.0,9903.58,GA,Georgia,13
2013,8.133333333333333,37484.0,9975.592,GA,Georgia,13
2014,7.1499999999999995,39550.0,10071.204,GA,Georgia,13
2015,6.05,41527.0,10183.353,GA,Georgia,13
2016,5.45,42742.0,10308.442,GA,Georgia,13
2017,4.758333333333334,44836.0,10417.031,GA,Georgia,13
2018,4.016666666666667,46624.0,10519.389,GA,Georgia,13
2019,3.6,48529.0,10628.02,GA,Georgia,13
2020,6.55,51460.0,10732.888,GA,Georgia,13
2021,3.9416666666666664,56079.0,10792.06,GA,Georgia,13
2022,3.1666666666666665,57193.0,10931.805,GA,Georgia,13
2023,3.283333333333333,59691.0,11064.432,GA,Georgia,13
2003,3.908333333333333,32557.0,1251.154,HI,Hawaii,15
2004,3.3083333333333336,34336.0,1273.569,HI,Hawaii,15
2005,2.841666666666667,36278.0,1292.729,HI,Hawaii,15
2006,2.566666666666667,38315.0,1309.731,HI,Hawaii,15
2007,2.7416666666666667,40301.0,1315.675,HI,Hawaii,15
2008,4.091666666666667,41887.0,1332.213,HI,Hawaii,15
2009,6.5,41144.0,1346.717,HI,Hawaii,15
2010,6.7,41498.0,1364.004,HI,Hawaii,15
2011,6.708333333333333,42758.0,1379.562,HI,Hawaii,15
2012,5.808333333333334,43523.0,1395.199,HI,Hawaii,15
2013,4.716666666666667,43548.0,1408.822,HI,Hawaii,15
2014,4.2250000000000005,45445.0,1415.335,HI,Hawaii,15
2015,3.4166666666666665,47150.0,1422.999,HI,Hawaii,15
2016,2.908333333333333,48561.0,1428.885,HI,Hawaii,15
2017,2.2333333333333334,50506.0,1425.763,HI,Hawaii,15
2018,2.4,51554.0,1423.102,HI,Hawaii,15
2019,2.5083333333333333,53940.0,1415.615,HI,Hawaii,15
2020,11.741666666666667,56995.0,1451.252,HI,Hawaii,15
2021,5.966666666666666,61051.0,1447.029,HI,Hawaii,15
2022,3.2583333333333333,62522.0,1440.359,HI,Hawaii,15
2023,2.9250000000000003,65888.0,1441.387,HI,Hawaii,15
2003,5.591666666666666,26739.0,1363.38,ID,Idaho,16
2004,4.8999999999999995,28299.0,1391.802,ID,Idaho,16
2005,4.0249999999999995,29214.0,1428.241,ID,Idaho,16
2006,3.391666666666667,31244.0,1468.669,ID,Idaho,16
2007,2.9499999999999997,32459.0,1505.105,ID,Idaho,16
2008,5.016666666666667,32690.0,1534.32,ID,Idaho,16
2009,9.025,31200.0,1554.439,ID,Idaho,16
2010,9.125,31948.0,1570.819,ID,Idaho,16
2011,8.441666666666666,33447.0,1584.272,ID,Idaho,16
2012,7.5249999999999995,34812.0,1595.91,ID,Idaho,16
2013,6.8999999999999995,35699.0,1612.053,ID,Idaho,16
2014,4.408333333333333,37107.0,1632.248,ID,Idaho,16
2015,3.908333333333333,38813.0,1652.495,ID,Idaho,16
2016,3.7083333333333335,39653.0,1684.036,ID,Idaho,16
2017,3.1833333333333336,41197.0,1719.745,ID,Idaho,16
2018,2.875,43254.0,1752.074,ID,Idaho,16
2019,2.8833333333333333,45880.0,1789.06,ID,Idaho,16
2020,5.55,49607.0,1849.415,ID,Idaho,16
2021,3.5749999999999997,55408.0,1904.848,ID,Idaho,16
2022,2.875,56984.0,1944.299,ID,Idaho,16
2023,3.1999999999999997,59192.0,1971.122,ID,Idaho,16
2003,6.75,35081.0,12556.006,IL,Illinois,17
2004,6.191666666666666,36366.0,12589.773,IL,Illinois,17
2005,5.733333333333333,37720.0,12609.903,IL,Illinois,17
2006,4.625,40021.0,12643.955,IL,Illinois,17
2007,5.058333333333334,42148.0,12695.866,IL,Illinois,17
2008,6.508333333333333,43238.0,12747.038,IL,Illinois,17
2009,9.966666666666667,41088.0,12796.778,IL,Illinois,17
2010,10.391666666666667,42107.0,12840.545,IL,Illinois,17
2011,9.766666666666667,44075.0,12867.783,IL,Illinois,17
2012,9.033333333333333,45934.0,12883.029,IL,Illinois,17
2013,9.075000000000001,46735.0,12895.778,IL,Illinois,17
2014,7.158333333333334,48536.0,12885.092,IL,Illinois,17
2015,5.991666666666667,50688.0,12859.585,IL,Illinois,17
2016,5.883333333333333,51347.0,12821.709,IL,Illinois,17
2017,4.958333333333333,53056.0,12779.893,IL,Illinois,17
2018,4.391666666666667,56077.0,12724.685,IL,Illinois,17
2019,3.975,57738.0,12667.017,IL,Illinois,17
2020,9.333333333333334,61542.0,12799.088,IL,Illinois,17
2021,6.1000000000000005,66612.0,12700.641,IL,Illinois,17
2022,4.583333333333333,68352.0,12621.821,IL,Illinois,17
2023,4.483333333333333,71716.0,12642.259,IL,Illinois,17
2003,5.208333333333333,29445.0,6196.638,IN,Indiana,18
2004,5.416666666666667,30657.0,6233.007,IN,Indiana,18
2005,5.3999999999999995,31376.0,6278.616,IN,Indiana,18
2006,5.016666666666667,32905.0,6332.669,IN,Indiana,18
2007,4.641666666666667,33845.0,6379.599,IN,Indiana,18
2008,5.933333333333334,35270.0,6424.806,IN,Indiana,18
2009,10.158333333333333,34200.0,6459.325,IN,Indiana,18
2010,9.975,35590.0,6490.555,IN,Indiana,18
2011,8.908333333333333,37681.0,6517.25,IN,Indiana,18
2012,8.216666666666667,39148.0,6538.989,IN,Indiana,18
2013,7.508333333333333,39435.0,6570.575,IN,Indiana,18
2014,5.95,40719.0,6596.019,IN,Indiana,18
2015,4.8,42146.0,6611.442,IN,Indiana,18
2016,4.391666666666667,43143.0,6637.898,IN,Indiana,18
2017,3.525,44568.0,6662.068,IN,Indiana,18
2018,3.4333333333333336,46555.0,6698.481,IN,Indiana,18
2019,3.3166666666666664,48270.0,6731.01,IN,Indiana,18
2020,7.383333333333333,51736.0,6790.497,IN,Indiana,18
2021,3.891666666666667,57254.0,6815.907,IN,Indiana,18
2022,3.0666666666666664,58867.0,6844.545,IN,Indiana,18
2023,3.4499999999999997,61083.0,6880.131,IN,Indiana,18
2003,4.458333333333333,29344.0,2941.999,IA,Iowa,19
2004,4.508333333333334,31615.0,2953.635,IA,Iowa,19
2005,4.283333333333333,32411.0,2964.454,IA,Iowa,19
2006,3.691666666666667,34197.0,2982.644,IA,Iowa,19
2007,3.716666666666667,36366.0,2999.212,IA,Iowa,19
2008,4.158333333333333,38490.0,3016.734,IA,Iowa,19
2009,6.466666666666666,37246.0,3032.87,IA,Iowa,19
2010,6.091666666666666,38190.0,3050.819,IA,Iowa,19
2011,5.583333333333333,40879.0,3066.772,IA,Iowa,19
2012,5.008333333333334,42539.0,3076.844,IA,Iowa,19
2013,4.7250000000000005,43009.0,3093.935,IA,Iowa,19
2014,4.258333333333334,44120.0,3110.643,IA,Iowa,19
2015,3.716666666666667,45442.0,3122.541,IA,Iowa,19
2016,3.6,45669.0,3133.21,IA,Iowa,19
2017,3.091666666666667,46767.0,3143.734,IA,Iowa,19
2018,2.5833333333333335,48773.0,3149.9,IA,Iowa,19
2019,2.6583333333333337,49674.0,3159.596,IA,Iowa,19
2020,5.216666666666667,52621.0,3191.141,IA,Iowa,19
2021,3.85,58195.0,3198.613,IA,Iowa,19
2022,2.8249999999999997,61515.0,3202.82,IA,Iowa,19
2023,2.9333333333333336,62557.0,3218.414,IA,Iowa,19
2003,5.583333333333333,30029.0,2723.004,KS,Kansas,20
2004,5.491666666666667,30748.0,2734.373,KS,Kansas,20
2005,5.083333333333333,32340.0,2745.299,KS,Kansas,20
2006,4.416666666666667,35411.0,2762.931,KS,Kansas,20
2007,4.258333333333334,37748.0,2783.785,KS,Kansas,20
2008,4.583333333333333,41060.0,2808.076,KS,Kansas,20
2009,7.041666666666667,39382.0,2832.704,KS,Kansas,20
2010,6.941666666666666,39821.0,2858.266,KS,Kansas,20
2011,6.3500000000000005,42889.0,2869.677,KS,Kansas,20
2012,5.683333333333334,44913.0,2886.024,KS,Kansas,20
2013,5.316666666666666,45669.0,2894.306,KS,Kansas,20
2014,4.5249999999999995,46289.0,2901.861,KS,Kansas,20
2015,4.175,46597.0,2910.717,KS,Kansas,20
2016,4.05,46717.0,2912.977,KS,Kansas,20
2017,3.641666666666667,48271.0,2910.892,KS,Kansas,20
2018,3.3083333333333336,50282.0,2912.748,KS,Kansas,20
2019,3.15,52156.0,2912.635,KS,Kansas,20
2020,5.825,55100.0,2938.172,KS,Kansas,20
2021,3.391666666666667,59013.0,2938.338,KS,Kansas,20
2022,2.725,62313.0,2937.324,KS,Kansas,20
2023,2.875,65869.0,2951.5,KS,Kansas,20
2003,6.183333333333334,26661.0,4117.17,KY,Kentucky,21
2004,5.516666666666667,28030.0,4146.101,KY,Kentucky,21
2005,5.841666666666666,29104.0,4182.742,KY,Kentucky,21
2006,5.733333333333333,30476.0,4219.239,KY,Kentucky,21
2007,5.366666666666667,31529.0,4256.672,KY,Kentucky,21
2008,6.541666666666667,32830.0,4289.878,KY,Kentucky,21
2009,10.625,32198.0,4317.074,KY,Kentucky,21
2010,10.283333333333333,33187.0,4348.464,KY,Kentucky,21
2011,9.375,34607.0,4370.817,KY,Kentucky,21
2012,8.191666666666666,35630.0,4387.865,KY,Kentucky,21
2013,7.916666666666667,35758.0,4406.906,KY,Kentucky,21
2014,6.441666666666666,37225.0,4416.992,KY,Kentucky,21
2015,5.25,38766.0,4429.126,KY,Kentucky,21
2016,5.075,39319.0,4440.306,KY,Kentucky,21
2017,4.75,40403.0,4455.59,KY,Kentucky,21
2018,4.2,41658.0,4464.273,KY,Kentucky,21
2019,4.083333333333333,43466.0,4472.345,KY,Kentucky,21
2020,6.449999999999999,47052.0,4508.318,KY,Kentucky,21
2021,4.475,51769.0,4507.583,KY,Kentucky,21
2022,4.05,52615.0,4519.233,KY,Kentucky,21
2023,4.291666666666667,55063.0,4550.595,KY,Kentucky,21
2003,6.233333333333333,26987.0,4521.042,LA,Louisiana,22
2004,5.683333333333334,27983.0,4552.238,LA,Louisiana,22
2005,7.05,29970.0,4576.628,LA,Louisiana,22
2006,4.141666666666667,33627.0,4302.665,LA,Louisiana,22
2007,4.083333333333333,36208.0,4375.581,LA,Louisiana,22
2008,4.666666666666667,38328.0,4435.586,LA,Louisiana,22
2009,6.708333333333333,36803.0,4491.648,LA,Louisiana,22
2010,7.433333333333334,38067.0,4544.635,LA,Louisiana,22
2011,7.341666666666666,38966.0,4576.244,LA,Louisiana,22
2012,6.716666666666666,40662.0,4602.067,LA,Louisiana,22
2013,6.375,40996.0,4626.04,LA,Louisiana,22
2014,6.241666666666667,42533.0,4645.938,LA,Louisiana,22
2015,6.266666666666667,42484.0,4666.998,LA,Louisiana,22
2016,6.041666666666667,42132.0,4681.346,LA,Louisiana,22
2017,5.125,43486.0,4673.673,LA,Louisiana,22
2018,4.825,45465.0,4664.45,LA,Louisiana,22
2019,4.633333333333334,47015.0,4658.285,LA,Louisiana,22
2020,8.683333333333334,50133.0,4652.301,LA,Louisiana,22
2021,5.608333333333333,54948.0,4627.971,LA,Louisiana,22
2022,3.6666666666666665,55661.0,4593.687,LA,Louisiana,22
2023,3.725,58661.0,4588.071,LA,Louisiana,22
2003,5.1000000000000005,30740.0,1306.513,ME,Maine,23
2004,4.666666666666667,32096.0,1313.688,ME,Maine,23
2005,4.883333333333334,32684.0,1318.787,ME,Maine,23
2006,4.708333333333333,34168.0,1323.619,ME,Maine,23
2007,4.7,35402.0,1327.04,ME,Maine,23
2008,5.408333333333334,36960.0,1330.509,ME,Maine,23
2009,8.299999999999999,37107.0,1329.59,ME,Maine,23
2010,8.35,38018.0,1327.651,ME,Maine,23
2011,7.7749999999999995,39502.0,1328.473,ME,Maine,23
2012,7.208333333333333,39992.0,1328.094,ME,Maine,23
2013,6.683333333333334,39950.0,1328.543,ME,Maine,23
2014,5.575,41137.0,1331.217,ME,Maine,23
2015,4.391666666666667,42939.0,1329.098,ME,Maine,23
2016,3.7916666666666665,44234.0,1332.348,ME,Maine,23
2017,3.375,45905.0,1335.743,ME,Maine,23
2018,3.1750000000000003,47729.0,1340.123,ME,Maine,23
2019,2.9,49983.0,1345.77,ME,Maine,23
2020,5.116666666666667,54295.0,1364.571,ME,Maine,23
2021,4.733333333333333,59168.0,1378.931,ME,Maine,23
2022,2.841666666666667,61620.0,1390.922,ME,Maine,23
2023,2.6083333333333334,64922.0,1399.646,ME,Maine,23
2003,4.4750000000000005,39295.0,5496.269,MD,Maryland,24
2004,4.308333333333333,41515.0,5546.935,MD,Maryland,24
2005,4.166666666666667,43311.0,5592.379,MD,Maryland,24
2006,3.85,45293.0,5627.367,MD,Maryland,24
2007,3.4416666666666664,47033.0,5653.408,MD,Maryland,24
2008,4.316666666666666,49026.0,5684.965,MD,Maryland,24
2009,7.133333333333333,48448.0,5730.388,MD,Maryland,24
2010,7.766666666666667,49616.0,5788.784,MD,Maryland,24
2011,7.283333333333334,51797.0,5840.241,MD,Maryland,24
2012,6.866666666666667,52481.0,5888.375,MD,Maryland,24
2013,6.566666666666666,51871.0,5925.197,MD,Maryland,24
2014,5.733333333333333,53075.0,5960.064,MD,Maryland,24
2015,5.033333333333333,55032.0,5988.528,MD,Maryland,24
2016,4.25,56606.0,6007.014,MD,Maryland,24
2017,4.066666666666666,58245.0,6028.186,MD,Maryland,24
2018,3.8083333333333336,59915.0,6042.153,MD,Maryland,24
2019,3.3833333333333333,61723.0,6054.954,MD,Maryland,24
2020,6.516666666666667,64840.0,6177.935,MD,Maryland,24
2021,5.2,69032.0,6179.403,MD,Maryland,24
2022,2.966666666666667,71013.0,6192.44,MD,Maryland,24
2023,2.191666666666667,74945.0,6217.062,MD,Maryland,24
2003,5.741666666666667,40158.0,6422.565,MA,Massachusetts,25
2004,5.133333333333334,42242.0,6412.281,MA,Massachusetts,25
2005,4.791666666666667,44061.0,6403.29,MA,Massachusetts,25
2006,4.691666666666667,47311.0,6410.084,MA,Massachusetts,25
2007,4.516666666666667,49662.0,6431.559,MA,Massachusetts,25
2008,5.316666666666666,51546.0,6468.967,MA,Massachusetts,25
2009,8.15,50751.0,6517.613,MA,Massachusetts,25
2010,8.1,52707.0,6566.44,MA,Massachusetts,25
2011,7.233333333333333,54757.0,6614.218,MA,Massachusetts,25
2012,6.7,56259.0,6664.269,MA,Massachusetts,25
2013,6.658333333333334,56119.0,6715.158,MA,Massachusetts,25
2014,5.758333333333333,58129.0,6764.864,MA,Massachusetts,25
2015,4.8,61536.0,6797.484,MA,Massachusetts,25
2016,4.016666666666667,63476.0,6827.28,MA,Massachusetts,25
2017,3.8333333333333335,66069.0,6863.56,MA,Massachusetts,25
2018,3.4583333333333335,69191.0,6885.72,MA,Massachusetts,25
2019,3.0500000000000003,72381.0,6894.883,MA,Massachusetts,25
2020,9.341666666666667,77470.0,6994.598,MA,Massachusetts,25
2021,5.291666666666667,83703.0,7000.474,MA,Massachusetts,25
2022,3.625,85712.0,7022.468,MA,Massachusetts,25
2023,3.4916666666666667,89760.0,7066.568,MA,Massachusetts,25
2003,7.108333333333333,31267.0,10041.152,MI,Michigan,26
2004,6.941666666666666,32092.0,10055.315,MI,Michigan,26
2005,6.758333333333333,32756.0,10051.137,MI,Michigan,26
2006,6.866666666666667,33563.0,10036.081,MI,Michigan,26
2007,7.066666666666666,34669.0,10001.284,MI,Michigan,26
2008,8.233333333333333,35826.0,9946.889,MI,Michigan,26
2009,13.483333333333334,34247.0,9901.591,MI,Michigan,26
2010,12.741666666666667,35635.0,9877.597,MI,Michigan,26
2011,10.141666666666667,37689.0,9883.053,MI,Michigan,26
2012,9.066666666666666,39042.0,9898.289,MI,Michigan,26
2013,8.733333333333333,39292.0,9914.802,MI,Michigan,26
2014,7.2250000000000005,40829.0,9932.033,MI,Michigan,26
2015,5.416666666666667,42982.0,9934.483,MI,Michigan,26
2016,4.991666666666666,44080.0,9954.117,MI,Michigan,26
2017,4.583333333333333,45264.0,9976.752,MI,Michigan,26
2018,4.166666666666667,47089.0,9987.286,MI,Michigan,26
2019,4.075,48577.0,9984.795,MI,Michigan,26
2020,10.075000000000001,52787.0,10072.703,MI,Michigan,26
2021,5.7250000000000005,56898.0,10041.351,MI,Michigan,26
2022,4.133333333333334,57907.0,10050.877,MI,Michigan,26
2023,3.9,60865.0,10083.356,MI,Michigan,26
2003,4.758333333333334,35195.0,5053.572,MN,Minnesota,27
2004,4.625,37084.0,5087.713,MN,Minnesota,27
2005,4.108333333333333,37812.0,5119.598,MN,Minnesota,27
2006,4.058333333333333,39362.0,5163.555,MN,Minnesota,27
2007,4.6000000000000005,41325.0,5207.203,MN,Minnesota,27
2008,5.45,42983.0,5247.018,MN,Minnesota,27
2009,7.7,40963.0,5281.203,MN,Minnesota,27
2010,7.366666666666667,42538.0,5310.934,MN,Minnesota,27
2011,6.575,45134.0,5346.62,MN,Minnesota,27
2012,5.658333333333334,47399.0,5377.5,MN,Minnesota,27
2013,5.041666666666667,47413.0,5414.722,MN,Minnesota,27
2014,4.241666666666666,49357.0,5452.665,MN,Minnesota,27
2015,3.7583333333333333,51353.0,5484.002,MN,Minnesota,27
2016,3.8666666666666667,51982.0,5525.36,MN,Minnesota,27
2017,3.4416666666666664,53826.0,5569.283,MN,Minnesota,27
2018,3.025,56201.0,5608.762,MN,Minnesota,27
2019,3.275,57903.0,5640.053,MN,Minnesota,27
2020,6.291666666666667,61327.0,5710.735,MN,Minnesota,27
2021,3.6833333333333336,67452.0,5718.66,MN,Minnesota,27
2022,2.4833333333333334,69813.0,5721.621,MN,Minnesota,27
2023,2.8249999999999997,72366.0,5753.048,MN,Minnesota,27
2003,6.141666666666667,24060.0,2868.312,MS,Mississippi,28
2004,6.166666666666667,25287.0,2889.01,MS,Mississippi,28
2005,7.6499999999999995,26716.0,2905.943,MS,Mississippi,28
2006,6.383333333333333,27827.0,2904.978,MS,Mississippi,28
2007,6.133333333333333,29432.0,2928.35,MS,Mississippi,28
2008,6.716666666666666,30736.0,2947.806,MS,Mississippi,28
2009,9.241666666666667,30220.0,2958.774,MS,Mississippi,28
2010,10.125,31213.0,2970.615,MS,Mississippi,28
2011,9.8,32454.0,2979.147,MS,Mississippi,28
2012,8.825000000000001,33441.0,2984.599,MS,Mississippi,28
2013,8.491666666666665,33976.0,2989.839,MS,Mississippi,28
2014,7.6000000000000005,34623.0,2991.892,MS,Mississippi,28
2015,6.45,35100.0,2990.231,MS,Mississippi,28
2016,5.991666666666667,35638.0,2990.595,MS,Mississippi,28
2017,5.208333333333333,36579.0,2990.674,MS,Mississippi,28
2018,4.941666666666667,37624.0,2982.879,MS,Mississippi,28
2019,5.491666666666667,39142.0,2978.227,MS,Mississippi,28
2020,8.0,42446.0,2958.536,MS,Mississippi,28
2021,5.408333333333334,46906.0,2947.209,MS,Mississippi,28
2022,3.733333333333333,47086.0,2941.939,MS,Mississippi,28
2023,3.108333333333333,49593.0,2943.172,MS,Mississippi,28
2003,5.691666666666666,30054.0,5709.403,MO,Missouri,29
2004,5.841666666666666,31396.0,5747.741,MO,Missouri,29
2005,5.416666666666667,32256.0,5790.3,MO,Missouri,29
2006,4.891666666666667,33860.0,5842.704,MO,Missouri,29
2007,5.083333333333333,35228.0,5887.612,MO,Missouri,29
2008,6.158333333333334,37124.0,5923.916,MO,Missouri,29
2009,9.091666666666667,36306.0,5961.088,MO,Missouri,29
2010,9.416666666666666,36984.0,5996.089,MO,Missouri,29
2011,8.575000000000001,38402.0,6011.182,MO,Missouri,29
2012,7.141666666666667,39983.0,6026.027,MO,Missouri,29
2013,6.758333333333333,40121.0,6042.989,MO,Missouri,29
2014,6.166666666666667,41380.0,6059.13,MO,Missouri,29
2015,5.1000000000000005,42677.0,6075.411,MO,Missouri,29
2016,4.575,43826.0,6091.384,MO,Missouri,29
2017,3.7916666666666665,44781.0,6111.382,MO,Missouri,29
2018,3.233333333333333,46680.0,6125.986,MO,Missouri,29
2019,3.233333333333333,48425.0,6140.475,MO,Missouri,29
2020,6.216666666666666,52143.0,6154.744,MO,Missouri,29
2021,4.141666666666667,56630.0,6171.374,MO,Missouri,29
2022,2.6,58986.0,6179.414,MO,Missouri,29
2023,3.1,62484.0,6208.038,MO,Missouri,29
2003,4.733333333333333,26114.0,919.63,MT,Montana,30
2004,4.541666666666667,28034.0,930.009,MT,Montana,30
2005,4.083333333333333,29839.0,940.102,MT,Montana,30
2006,3.3666666666666667,31870.0,952.692,MT,Montana,30
2007,3.391666666666667,33841.0,964.706,MT,Montana,30
2008,4.7250000000000005,35569.0,976.415,MT,Montana,30
2009,7.1000000000000005,34479.0,983.982,MT,Montana,30
2010,7.1499999999999995,35999.0,990.73,MT,Montana,30
2011,6.625,38150.0,997.518,MT,Montana,30
2012,5.783333333333334,40217.0,1004.168,MT,Montana,30
2013,5.3,40142.0,1014.158,MT,Montana,30
2014,4.641666666666667,41850.0,1022.657,MT,Montana,30
2015,4.241666666666666,43095.0,1031.495,MT,Montana,30
2016,4.266666666666667,43301.0,1042.137,MT,Montana,30
2017,4.1,45369.0,1053.862,MT,Montana,30
2018,3.725,47208.0,1061.818,MT,Montana,30
2019,3.5,49654.0,1070.123,MT,Montana,30
2020,5.825,53487.0,1087.23,MT,Montana,30
2021,3.391666666666667,58973.0,1106.522,MT,Montana,30
2022,2.6333333333333333,61610.0,1122.095,MT,Montana,30
2023,2.6666666666666665,65075.0,1131.302,MT,Montana,30
2003,3.9166666666666665,32268.0,1738.643,NE,Nebraska,31
2004,3.8499999999999996,33496.0,1749.37,NE,Nebraska,31
2005,3.775,34401.0,1761.497,NE,Nebraska,31
2006,3.0416666666666665,35718.0,1772.693,NE,Nebraska,31
2007,2.9583333333333335,38184.0,1783.44,NE,Nebraska,31
2008,3.2583333333333333,40291.0,1796.378,NE,Nebraska,31
2009,4.633333333333334,39422.0,1812.683,NE,Nebraska,31
2010,4.641666666666667,41085.0,1829.591,NE,Nebraska,31
2011,4.366666666666666,45607.0,1840.914,NE,Nebraska,31
2012,3.9166666666666665,46385.0,1853.691,NE,Nebraska,31
2013,3.716666666666667,45911.0,1865.813,NE,Nebraska,31
2014,3.233333333333333,48187.0,1879.955,NE,Nebraska,31
2015,2.975,49708.0,1892.059,NE,Nebraska,31
2016,3.108333333333334,48688.0,1906.483,NE,Nebraska,31
2017,2.9583333333333335,49533.0,1916.998,NE,Nebraska,31
2018,2.908333333333333,51436.0,1925.512,NE,Nebraska,31
2019,3.1166666666666667,53513.0,1932.571,NE,Nebraska,31
2020,4.266666666666667,56745.0,1963.387,NE,Nebraska,31
2021,2.6,63517.0,1964.537,NE,Nebraska,31
2022,2.15,66923.0,1972.246,NE,Nebraska,31
2023,2.308333333333333,71006.0,1987.864,NE,Nebraska,31
2003,5.2,33136.0,2248.85,NV,Nevada,32
2004,4.45,35173.0,2346.222,NV,Nevada,32
2005,4.208333333333333,37907.0,2432.143,NV,Nevada,32
2006,4.166666666666667,39437.0,2522.658,NV,Nevada,32
2007,4.766666666666667,39870.0,2601.072,NV,Nevada,32
2008,6.8999999999999995,38640.0,2653.63,NV,Nevada,32
2009,11.075000000000001,36125.0,2684.665,NV,Nevada,32
2010,13.25,37289.0,2702.483,NV,Nevada,32
2011,12.983333333333334,38595.0,2713.114,NV,Nevada,32
2012,11.533333333333333,39680.0,2744.67,NV,Nevada,32
2013,9.966666666666667,39331.0,2776.956,NV,Nevada,32
2014,8.200000000000001,41126.0,2818.935,NV,Nevada,32
2015,6.866666666666667,43799.0,2868.531,NV,Nevada,32
2016,5.833333333333333,44715.0,2919.555,NV,Nevada,32
2017,5.008333333333334,46991.0,2972.097,NV,Nevada,32
2018,4.408333333333333,49289.0,3030.725,NV,Nevada,32
2019,4.108333333333333,51942.0,3090.771,NV,Nevada,32
2020,13.674999999999999,54656.0,3116.967,NV,Nevada,32
2021,6.825,60775.0,3148.141,NV,Nevada,32
2022,5.2,62493.0,3176.116,NV,Nevada,32
2023,5.141666666666667,65822.0,3214.363,NV,Nevada,32
2003,4.433333333333334,37374.0,1279.84,NH,New Hampshire,33
2004,3.8249999999999997,39324.0,1290.121,NH,New Hampshire,33
2005,3.6333333333333333,40404.0,1298.492,NH,New Hampshire,33
2006,3.516666666666667,42866.0,1308.389,NH,New Hampshire,33
2007,3.533333333333333,44422.0,1312.54,NH,New Hampshire,33
2008,3.766666666666666,45713.0,1315.906,NH,New Hampshire,33
2009,6.05,45119.0,1316.102,NH,New Hampshire,33
2010,6.058333333333334,46982.0,1316.807,NH,New Hampshire,33
2011,5.491666666666667,49086.0,1320.444,NH,New Hampshire,33
2012,5.4750000000000005,50715.0,1324.677,NH,New Hampshire,33
2013,5.25,50423.0,1327.272,NH,New Hampshire,33
2014,4.316666666666666,51988.0,1334.257,NH,New Hampshire,33
2015,3.391666666666667,54161.0,1337.48,NH,New Hampshire,33
2016,2.891666666666666,55677.0,1343.694,NH,New Hampshire,33
2017,2.808333333333333,57878.0,1350.395,NH,New Hampshire,33
2018,2.6333333333333333,60335.0,1355.064,NH,New Hampshire,33
2019,2.5500000000000003,63946.0,1360.783,NH,New Hampshire,33
2020,6.75,67535.0,1378.756,NH,New Hampshire,33
2021,3.475,73672.0,1387.677,NH,New Hampshire,33
2022,2.4166666666666665,74952.0,1396.678,NH,New Hampshire,33
2023,2.2583333333333333,78936.0,1402.199,NH,New Hampshire,33
2003,5.8500000000000005,41167.0,8601.402,NJ,New Jersey,34
2004,4.916666666666667,42825.0,8634.561,NJ,New Jersey,34
2005,4.441666666666666,44238.0,8651.974,NJ,New Jersey,34
2006,4.691666666666667,47366.0,8661.679,NJ,New Jersey,34
2007,4.208333333333333,50133.0,8677.885,NJ,New Jersey,34
2008,5.425,51606.0,8711.09,NJ,New Jersey,34
2009,8.833333333333334,49828.0,8755.602,NJ,New Jersey,34
2010,9.666666666666666,50961.0,8799.451,NJ,New Jersey,34
2011,9.4,52854.0,8828.552,NJ,New Jersey,34
2012,9.450000000000001,54235.0,8845.671,NJ,New Jersey,34
2013,8.416666666666666,54365.0,8857.821,NJ,New Jersey,34
2014,6.683333333333334,56367.0,8867.277,NJ,New Jersey,34
2015,5.691666666666666,58408.0,8870.312,NJ,New Jersey,34
2016,4.933333333333334,59776.0,8873.584,NJ,New Jersey,34
2017,4.516666666666667,61704.0,8888.147,NJ,New Jersey,34
2018,4.016666666666667,64198.0,8891.73,NJ,New Jersey,34
2019,3.4583333333333335,67518.0,8891.258,NJ,New Jersey,34
2020,9.483333333333333,70430.0,9272.794,NJ,New Jersey,34
2021,6.691666666666666,76040.0,9270.541,NJ,New Jersey,34
2022,3.85,77456.0,9295.227,NJ,New Jersey,34
2023,4.2749999999999995,81325.0,9379.642,NJ,New Jersey,34
2003,5.925,26108.0,1877.574,NM,New Mexico,35
2004,5.583333333333333,27366.0,1903.808,NM,New Mexico,35
2005,5.2250000000000005,28744.0,1932.274,NM,New Mexico,35
2006,4.233333333333333,30433.0,1962.137,NM,New Mexico,35
2007,3.5416666666666665,31780.0,1990.07,NM,New Mexico,35
2008,4.375,33552.0,2010.662,NM,New Mexico,35
2009,7.05,32901.0,2036.802,NM,New Mexico,35
2010,7.816666666666666,33658.0,2064.614,NM,New Mexico,35
2011,7.216666666666666,35069.0,2080.707,NM,New Mexico,35
2012,6.95,35694.0,2087.715,NM,New Mexico,35
2013,6.8999999999999995,34857.0,2092.833,NM,New Mexico,35
2014,6.558333333333334,36880.0,2090.236,NM,New Mexico,35
2015,6.608333333333333,37752.0,2090.071,NM,New Mexico,35
2016,6.783333333333334,38474.0,2092.555,NM,New Mexico,35
2017,6.116666666666667,39196.0,2092.844,NM,New Mexico,35
2018,4.933333333333334,40976.0,2093.754,NM,New Mexico,35
2019,4.966666666666667,43223.0,2099.634,NM,New Mexico,35
2020,7.925,46483.0,2118.606,NM,New Mexico,35
2021,7.066666666666666,50682.0,2117.333,NM,New Mexico,35
2022,4.066666666666667,53069.0,2113.868,NM,New Mexico,35
2023,3.6666666666666665,55166.0,2121.164,NM,New Mexico,35
2003,6.416666666666667,37420.0,19175.939,NY,New York,36
2004,5.808333333333334,39093.0,19171.567,NY,New York,36
2005,4.95,40645.0,19132.61,NY,New York,36
2006,4.5,43760.0,19104.631,NY,New York,36
2007,4.425,47020.0,19132.335,NY,New York,36
2008,5.391666666666667,47909.0,19212.436,NY,New York,36
2009,8.383333333333333,46936.0,19307.066,NY,New York,36
2010,8.733333333333333,48578.0,19399.956,NY,New York,36
2011,8.358333333333333,50772.0,19499.921,NY,New York,36
2012,8.65,52625.0,19574.362,NY,New York,36
2013,7.816666666666666,52874.0,19626.488,NY,New York,36
2014,6.291666666666667,54496.0,19653.431,NY,New York,36
2015,5.216666666666667,56608.0,19657.321,NY,New York,36
2016,4.875,58400.0,19636.391,NY,New York,36
2017,4.641666666666667,62206.0,19593.849,NY,New York,36
2018,4.1000000000000005,64229.0,19544.098,NY,New York,36
2019,3.891666666666667,66460.0,19463.131,NY,New York,36
2020,9.908333333333333,70395.0,20105.171,NY,New York,36
2021,7.083333333333333,76040.0,19848.276,NY,New York,36
2022,4.291666666666667,77382.0,19703.747,NY,New York,36
2023,4.041666666666667,81630.0,19737.367,NY,New York,36
2003,6.258333333333333,28709.0,8422.501,NC,North Carolina,37
2004,5.466666666666666,30586.0,8553.152,NC,North Carolina,37
2005,5.216666666666667,32209.0,8705.407,NC,North Carolina,37
2006,4.733333333333333,34189.0,8917.27,NC,North Carolina,37
2007,4.716666666666667,35960.0,9118.037,NC,North Carolina,37
2008,5.933333333333334,37772.0,9309.449,NC,North Carolina,37
2009,10.791666666666666,35921.0,9449.566,NC,North Carolina,37
2010,10.799999999999999,35848.0,9574.586,NC,North Carolina,37
2011,10.35,36822.0,9658.913,NC,North Carolina,37
2012,9.6,38876.0,9751.81,NC,North Carolina,37
2013,7.7749999999999995,38074.0,9846.717,NC,North Carolina,37
2014,6.116666666666667,39880.0,9937.295,NC,North Carolina,37
2015,5.658333333333334,41632.0,10037.218,NC,North Carolina,37
2016,5.1,42596.0,10161.802,NC,North Carolina,37
2017,4.55,44219.0,10275.758,NC,North Carolina,37
2018,4.008333333333334,46048.0,10391.358,NC,North Carolina,37
2019,3.875,48374.0,10501.384,NC,North Carolina,37
2020,7.325,51779.0,10449.652,NC,North Carolina,37
2021,4.891666666666667,57023.0,10564.32,NC,North Carolina,37
2022,3.6750000000000003,58871.0,10710.793,NC,North Carolina,37
2023,3.4916666666666667,61579.0,10881.189,NC,North Carolina,37
2003,3.4499999999999997,29663.0,638.817,ND,North Dakota,38
2004,3.358333333333333,29984.0,644.705,ND,North Dakota,38
2005,3.3249999999999997,31731.0,646.089,ND,North Dakota,38
2006,3.1166666666666667,33120.0,649.422,ND,North Dakota,38
2007,3.0416666666666665,36501.0,652.822,ND,North Dakota,38
2008,3.0749999999999997,40973.0,657.569,ND,North Dakota,38
2009,3.875,40186.0,664.968,ND,North Dakota,38
2010,3.658333333333333,44081.0,674.752,ND,North Dakota,38
2011,3.341666666666667,48873.0,685.526,ND,North Dakota,38
2012,2.9416666666666664,56056.0,702.227,ND,North Dakota,38
2013,2.891666666666666,54337.0,723.149,ND,North Dakota,38
2014,2.6666666666666665,56647.0,738.736,ND,North Dakota,38
2015,2.775,52972.0,755.537,ND,North Dakota,38
2016,3.016666666666667,51298.0,756.114,ND,North Dakota,38
2017,2.6,51830.0,756.755,ND,North Dakota,38
2018,2.3916666666666666,55173.0,760.062,ND,North Dakota,38
2019,2.15,56657.0,763.724,ND,North Dakota,38
2020,5.008333333333334,60368.0,779.563,ND,North Dakota,38
2021,3.091666666666667,65975.0,777.966,ND,North Dakota,38
2022,2.091666666666667,71042.0,781.057,ND,North Dakota,38
2023,2.033333333333333,71574.0,789.047,ND,North Dakota,38
2003,6.25,30471.0,11434.788,OH,Ohio,39
2004,6.2250000000000005,31588.0,11452.251,OH,Ohio,39
2005,5.8999999999999995,32419.0,11463.32,OH,Ohio,39
2006,5.433333333333334,33976.0,11481.213,OH,Ohio,39
2007,5.6000000000000005,35371.0,11500.468,OH,Ohio,39
2008,6.6000000000000005,36654.0,11515.391,OH,Ohio,39
2009,10.216666666666667,35593.0,11528.896,OH,Ohio,39
2010,9.991666666666667,36580.0,11539.449,OH,Ohio,39
2011,8.758333333333333,38927.0,11545.735,OH,Ohio,39
2012,7.391666666666667,40279.0,11550.971,OH,Ohio,39
2013,7.383333333333333,40752.0,11579.692,OH,Ohio,39
2014,5.816666666666666,42277.0,11606.573,OH,Ohio,39
2015,4.958333333333333,43799.0,11622.315,OH,Ohio,39
2016,5.058333333333334,44574.0,11640.06,OH,Ohio,39
2017,4.933333333333334,46114.0,11665.706,OH,Ohio,39
2018,4.4750000000000005,47821.0,11680.892,OH,Ohio,39
2019,4.125,49395.0,11696.507,OH,Ohio,39
2020,8.258333333333333,52839.0,11798.905,OH,Ohio,39
2021,5.241666666666666,57330.0,11767.344,OH,Ohio,39
2022,3.9749999999999996,58301.0,11777.874,OH,Ohio,39
2023,3.6333333333333333,61297.0,11824.034,OH,Ohio,39
2003,5.383333333333333,27184.0,3504.892,OK,Oklahoma,40
2004,4.708333333333333,29194.0,3525.233,OK,Oklahoma,40
2005,4.325,31699.0,3548.597,OK,Oklahoma,40
2006,3.908333333333333,34650.0,3594.09,OK,Oklahoma,40
2007,3.9583333333333335,35493.0,3634.349,OK,Oklahoma,40
2008,3.608333333333333,39154.0,3668.976,OK,Oklahoma,40
2009,6.516666666666667,35835.0,3717.572,OK,Oklahoma,40
2010,6.441666666666666,37157.0,3760.014,OK,Oklahoma,40
2011,5.566666666666666,39694.0,3788.824,OK,Oklahoma,40
2012,5.075,41905.0,3819.32,OK,Oklahoma,40
2013,5.116666666666666,43607.0,3853.891,OK,Oklahoma,40
2014,4.341666666666667,45884.0,3879.187,OK,Oklahoma,40
2015,4.283333333333333,44279.0,3910.518,OK,Oklahoma,40
2016,4.6499999999999995,42053.0,3928.143,OK,Oklahoma,40
2017,4.033333333333333,43873.0,3933.602,OK,Oklahoma,40
2018,3.2916666666666665,46030.0,3943.488,OK,Oklahoma,40
2019,3.1166666666666667,48177.0,3960.676,OK,Oklahoma,40
2020,6.3,50020.0,3965.415,OK,Oklahoma,40
2021,4.0249999999999995,54492.0,3992.238,OK,Oklahoma,40
2022,3.025,57943.0,4026.229,OK,Oklahoma,40
2023,3.1999999999999997,60395.0,4063.882,OK,Oklahoma,40
2003,8.016666666666667,29523.0,3547.376,OR,Oregon,41
2004,7.316666666666666,30980.0,3569.463,OR,Oregon,41
2005,6.166666666666667,32125.0,3613.202,OR,Oregon,41
2006,5.391666666666667,34488.0,3670.883,OR,Oregon,41
2007,5.158333333333333,35624.0,3722.417,OR,Oregon,41
2008,6.308333333333334,36856.0,3768.748,OR,Oregon,41
2009,10.633333333333333,35286.0,3808.6,OR,Oregon,41
2010,10.558333333333332,35941.0,3837.614,OR,Oregon,41
2011,9.458333333333334,37531.0,3872.672,OR,Oregon,41
2012,8.708333333333334,39128.0,3900.102,OR,Oregon,41
2013,7.75,39462.0,3924.11,OR,Oregon,41
2014,6.641666666666667,41654.0,3965.447,OR,Oregon,41
2015,5.458333333333333,44166.0,4018.542,OR,Oregon,41
2016,4.75,45467.0,4093.271,OR,Oregon,41
2017,4.066666666666666,47566.0,4147.294,OR,Oregon,41
2018,4.033333333333333,50209.0,4183.538,OR,Oregon,41
2019,3.725,52190.0,4216.116,OR,Oregon,41
2020,7.574999999999999,56594.0,4243.779,OR,Oregon,41
2021,5.1499999999999995,62379.0,4254.28,OR,Oregon,41
2022,3.9250000000000003,63986.0,4247.372,OR,Oregon,41
2023,3.7583333333333333,67514.0,4253.653,OR,Oregon,41
2003,5.7,33066.0,12374.658,PA,Pennsylvania,42
2004,5.341666666666668,34860.0,12410.722,PA,Pennsylvania,42
2005,4.991666666666666,36173.0,12449.99,PA,Pennsylvania,42
2006,4.7250000000000005,37803.0,12510.809,PA,Pennsylvania,42
2007,4.591666666666667,40008.0,12563.937,PA,Pennsylvania,42
2008,5.383333333333333,41467.0,12612.285,PA,Pennsylvania,42
2009,8.016666666666666,40446.0,12666.858,PA,Pennsylvania,42
2010,8.116666666666667,42097.0,12711.406,PA,Pennsylvania,42
2011,7.7,44119.0,12747.052,PA,Pennsylvania,42
2012,7.583333333333333,45637.0,12769.123,PA,Pennsylvania,42
2013,7.05,45902.0,12779.538,PA,Pennsylvania,42
2014,5.966666666666666,47467.0,12792.392,PA,Pennsylvania,42
2015,5.416666666666667,49291.0,12789.838,PA,Pennsylvania,42
2016,5.333333333333333,50572.0,12788.468,PA,Pennsylvania,42
2017,4.9750000000000005,51886.0,12794.679,PA,Pennsylvania,42
2018,4.408333333333333,54468.0,12809.107,PA,Pennsylvania,42
2019,4.266666666666667,56139.0,12798.883,PA,Pennsylvania,42
2020,8.833333333333334,60245.0,12996.143,PA,Pennsylvania,42
2021,5.8999999999999995,63779.0,13015.571,PA,Pennsylvania,42
2022,4.125,65336.0,12984.99,PA,Pennsylvania,42
2023,3.658333333333333,68649.0,13017.721,PA,Pennsylvania,42
2003,5.5249999999999995,34256.0,1071.342,RI,Rhode Island,44
2004,5.283333333333333,35867.0,1074.579,RI,Rhode Island,44
2005,5.141666666666667,36746.0,1067.916,RI,Rhode Island,44
2006,5.258333333333334,38719.0,1063.096,RI,Rhode Island,44
2007,5.116666666666666,40608.0,1057.315,RI,Rhode Island,44
2008,7.625,41487.0,1055.003,RI,Rhode Island,44
2009,11.166666666666666,40588.0,1053.646,RI,Rhode Island,44
2010,11.616666666666667,42630.0,1053.994,RI,Rhode Island,44
2011,11.1,44095.0,1053.829,RI,Rhode Island,44
2012,10.299999999999999,45298.0,1054.893,RI,Rhode Island,44
2013,9.483333333333333,45104.0,1055.56,RI,Rhode Island,44
2014,7.766666666666667,46630.0,1056.511,RI,Rhode Island,44
2015,6.016666666666667,48049.0,1056.886,RI,Rhode Island,44
2016,5.241666666666666,48515.0,1057.816,RI,Rhode Island,44
2017,4.4750000000000005,50414.0,1056.554,RI,Rhode Island,44
2018,4.05,52132.0,1059.338,RI,Rhode Island,44
2019,3.525,55123.0,1058.158,RI,Rhode Island,44
2020,9.258333333333333,59250.0,1096.53,RI,Rhode Island,44
2021,5.6000000000000005,62898.0,1097.246,RI,Rhode Island,44
2022,3.233333333333333,64075.0,1099.498,RI,Rhode Island,44
2023,2.983333333333333,67105.0,1103.429,RI,Rhode Island,44
2003,6.75,26792.0,4150.297,SC,South Carolina,45
2004,6.925,27892.0,4210.921,SC,South Carolina,45
2005,6.783333333333334,29136.0,4270.15,SC,South Carolina,45
2006,6.3500000000000005,30789.0,4357.847,SC,South Carolina,45
2007,5.616666666666667,32190.0,4444.11,SC,South Carolina,45
2008,6.916666666666667,33110.0,4528.996,SC,South Carolina,45
2009,10.966666666666667,31973.0,4589.872,SC,South Carolina,45
2010,11.083333333333334,32749.0,4635.846,SC,South Carolina,45
2011,10.358333333333333,34406.0,4672.655,SC,South Carolina,45
2012,9.033333333333333,35807.0,4719.027,SC,South Carolina,45
2013,7.425,35923.0,4766.469,SC,South Carolina,45
2014,6.3,37755.0,4826.858,SC,South Carolina,45
2015,5.8999999999999995,39598.0,4896.006,SC,South Carolina,45
2016,4.8999999999999995,40752.0,4963.031,SC,South Carolina,45
2017,4.191666666666666,42385.0,5027.102,SC,South Carolina,45
2018,3.3666666666666667,43817.0,5091.702,SC,South Carolina,45
2019,2.766666666666667,46150.0,5157.702,SC,South Carolina,45
2020,6.0,48769.0,5132.249,SC,South Carolina,45
2021,3.9250000000000003,53220.0,5194.274,SC,South Carolina,45
2022,3.1999999999999997,54378.0,5287.935,SC,South Carolina,45
2023,2.9916666666666667,57180.0,5387.83,SC,South Carolina,45
2003,3.475,29883.0,763.729,SD,South Dakota,46
2004,3.5666666666666664,31871.0,770.396,SD,South Dakota,46
2005,3.516666666666667,33534.0,775.493,SD,South Dakota,46
2006,3.0083333333333333,34983.0,783.033,SD,South Dakota,46
2007,2.8499999999999996,38330.0,791.623,SD,South Dakota,46
2008,3.0749999999999997,40891.0,799.124,SD,South Dakota,46
2009,4.6000000000000005,39435.0,807.067,SD,South Dakota,46
2010,4.858333333333333,41275.0,816.193,SD,South Dakota,46
2011,4.558333333333334,44532.0,823.74,SD,South Dakota,46
2012,4.016666666666667,44996.0,833.859,SD,South Dakota,46
2013,3.6999999999999997,44988.0,842.751,SD,South Dakota,46
2014,3.341666666666667,46732.0,849.67,SD,South Dakota,46
2015,3.025,48308.0,854.663,SD,South Dakota,46
2016,3.0,48284.0,863.693,SD,South Dakota,46
2017,3.016666666666667,49408.0,873.732,SD,South Dakota,46
2018,2.766666666666667,51579.0,879.386,SD,South Dakota,46
2019,2.7416666666666667,54408.0,887.127,SD,South Dakota,46
2020,4.141666666666667,59422.0,887.948,SD,South Dakota,46
2021,2.5416666666666665,67014.0,896.492,SD,South Dakota,46
2022,1.8916666666666666,69736.0,909.723,SD,South Dakota,46
2023,1.8,72546.0,918.305,SD,South Dakota,46
2003,5.533333333333334,29059.0,5847.812,TN,Tennessee,47
2004,5.3500000000000005,30435.0,5910.809,TN,Tennessee,47
2005,5.5,31410.0,5991.057,TN,Tennessee,47
2006,5.216666666666667,32878.0,6088.766,TN,Tennessee,47
2007,4.6499999999999995,33963.0,6175.727,TN,Tennessee,47
2008,6.508333333333333,34954.0,6247.411,TN,Tennessee,47
2009,10.383333333333333,34427.0,6306.019,TN,Tennessee,47
2010,9.799999999999999,35809.0,6355.518,TN,Tennessee,47
2011,9.041666666666666,37696.0,6400.298,TN,Tennessee,47
2012,7.925,39079.0,6455.752,TN,Tennessee,47
2013,7.625,39099.0,6496.943,TN,Tennessee,47
2014,6.575,40225.0,6544.617,TN,Tennessee,47
2015,5.5249999999999995,41937.0,6595.354,TN,Tennessee,47
2016,4.741666666666666,42938.0,6651.277,TN,Tennessee,47
2017,3.733333333333333,44407.0,6714.748,TN,Tennessee,47
2018,3.5,46449.0,6778.18,TN,Tennessee,47
2019,3.3333333333333335,48903.0,6830.325,TN,Tennessee,47
2020,7.491666666666666,51945.0,6927.904,TN,Tennessee,47
2021,4.466666666666667,57491.0,6965.74,TN,Tennessee,47
2022,3.3499999999999996,59099.0,7062.217,TN,Tennessee,47
2023,3.225,62039.0,7148.304,TN,Tennessee,47
2003,6.758333333333333,30176.0,22030.931,TX,Texas,48
2004,6.0249999999999995,31097.0,22394.023,TX,Texas,48
2005,5.4750000000000005,33136.0,22778.123,TX,Texas,48
2006,4.9750000000000005,35422.0,23359.58,TX,Texas,48
2007,4.341666666666667,36879.0,23831.983,TX,Texas,48
2008,4.866666666666666,39841.0,24309.039,TX,Texas,48
2009,7.591666666666668,37234.0,24801.761,TX,Texas,48
2010,8.25,38911.0,25241.897,TX,Texas,48
2011,8.033333333333333,41941.0,25645.504,TX,Texas,48
2012,6.708333333333333,43869.0,26084.12,TX,Texas,48
2013,6.316666666666666,44403.0,26479.646,TX,Texas,48
2014,5.183333333333334,46747.0,26963.092,TX,Texas,48
2015,4.466666666666667,46767.0,27468.531,TX,Texas,48
2016,4.666666666666667,45868.0,27914.064,TX,Texas,48
2017,4.358333333333333,48524.0,28291.024,TX,Texas,48
2018,3.9166666666666665,51346.0,28624.564,TX,Texas,48
2019,3.525,53271.0,28986.794,TX,Texas,48
2020,7.7250000000000005,54795.0,29239.57,TX,Texas,48
2021,5.625,60192.0,29570.351,TX,Texas,48
2022,3.9166666666666665,62812.0,30113.488,TX,Texas,48
2023,4.016666666666667,65768.0,30727.89,TX,Texas,48
2003,5.575,25749.0,2360.137,UT,Utah,49
2004,5.0,26980.0,2401.58,UT,Utah,49
2005,4.041666666666667,28751.0,2457.719,UT,Utah,49
2006,2.8666666666666667,31107.0,2525.507,UT,Utah,49
2007,2.558333333333333,32924.0,2597.746,UT,Utah,49
2008,3.341666666666667,33784.0,2663.029,UT,Utah,49
2009,7.625,31796.0,2723.421,UT,Utah,49
2010,8.258333333333333,32037.0,2775.413,UT,Utah,49
2011,7.216666666666666,34015.0,2814.797,UT,Utah,49
2012,4.758333333333334,35622.0,2854.146,UT,Utah,49
2013,4.191666666666666,36102.0,2898.773,UT,Utah,49
2014,3.625,37621.0,2938.327,UT,Utah,49
2015,3.5,39881.0,2983.626,UT,Utah,49
2016,3.3333333333333335,41295.0,3044.241,UT,Utah,49
2017,3.158333333333333,43030.0,3103.54,UT,Utah,49
2018,2.9166666666666665,45463.0,3155.153,UT,Utah,49
2019,2.5416666666666665,48163.0,3203.383,UT,Utah,49
2020,4.833333333333333,51741.0,3284.077,UT,Utah,49
2021,2.766666666666667,58183.0,3339.738,UT,Utah,49
2022,2.3666666666666667,60607.0,3391.011,UT,Utah,49
2023,2.6666666666666665,63700.0,3443.222,UT,Utah,49
2003,4.341666666666667,32282.0,617.858,VT,Vermont,50
2004,3.641666666666667,33955.0,619.92,VT,Vermont,50
2005,3.475,34573.0,621.215,VT,Vermont,50
2006,3.6833333333333336,36609.0,622.892,VT,Vermont,50
2007,3.8833333333333333,38595.0,623.481,VT,Vermont,50
2008,4.483333333333333,40774.0,624.151,VT,Vermont,50
2009,6.516666666666667,40358.0,624.817,VT,Vermont,50
2010,6.208333333333333,41491.0,625.886,VT,Vermont,50
2011,5.3999999999999995,43754.0,627.197,VT,Vermont,50
2012,4.783333333333333,44858.0,626.361,VT,Vermont,50
2013,4.416666666666667,45296.0,626.603,VT,Vermont,50
2014,3.908333333333333,46894.0,625.693,VT,Vermont,50
2015,3.475,48117.0,625.81,VT,Vermont,50
2016,3.125,48827.0,624.366,VT,Vermont,50
2017,2.9499999999999997,50009.0,625.132,VT,Vermont,50
2018,2.5,51691.0,624.802,VT,Vermont,50
2019,2.1,54278.0,624.046,VT,Vermont,50
2020,5.6499999999999995,58131.0,642.977,VT,Vermont,50
2021,3.6166666666666667,60807.0,647.21,VT,Vermont,50
2022,2.35,63523.0,648.142,VT,Vermont,50
2023,1.9083333333333332,66803.0,648.708,VT,Vermont,50
2003,4.108333333333333,36151.0,7366.977,VA,Virginia,51
2004,3.716666666666667,38082.0,7475.575,VA,Virginia,51
2005,3.4916666666666667,40027.0,7577.105,VA,Virginia,51
2006,3.0749999999999997,42164.0,7673.725,VA,Virginia,51
2007,3.0749999999999997,44020.0,7751.0,VA,Virginia,51
2008,4.075,45383.0,7833.496,VA,Virginia,51
2009,6.766666666666667,44091.0,7925.937,VA,Virginia,51
2010,6.808333333333334,45442.0,8024.004,VA,Virginia,51
2011,6.283333333333334,47563.0,8102.437,VA,Virginia,51
2012,5.816666666666666,49049.0,8187.456,VA,Virginia,51
2013,5.5249999999999995,48195.0,8255.861,VA,Virginia,51
2014,5.066666666666666,49760.0,8315.43,VA,Virginia,51
2015,4.375,51617.0,8367.303,VA,Virginia,51
2016,4.0,52656.0,8417.651,VA,Virginia,51
2017,3.625,54377.0,8471.011,VA,Virginia,51
2018,3.0,56130.0,8510.92,VA,Virginia,51
2019,2.725,58362.0,8556.642,VA,Virginia,51
2020,6.516666666666667,61400.0,8637.615,VA,Virginia,51
2021,3.8333333333333335,66971.0,8658.91,VA,Virginia,51
2022,2.6916666666666664,69673.0,8683.414,VA,Virginia,51
2023,2.6916666666666664,73681.0,8734.685,VA,Virginia,51
2003,7.266666666666667,34267.0,6104.115,WA,Washington,53
2004,6.25,36309.0,6178.645,WA,Washington,53
2005,5.575,37202.0,6257.305,WA,Washington,53
2006,4.991666666666666,39744.0,6370.753,WA,Washington,53
2007,4.608333333333333,42524.0,6461.587,WA,Washington,53
2008,5.2,44098.0,6562.231,WA,Washington,53
2009,9.041666666666666,41679.0,6667.426,WA,Washington,53
2010,9.991666666666667,42327.0,6743.009,WA,Washington,53
2011,9.433333333333334,44279.0,6827.479,WA,Washington,53
2012,8.441666666666666,47053.0,6898.599,WA,Washington,53
2013,6.625,47448.0,6966.252,WA,Washington,53
2014,5.933333333333334,50259.0,7057.531,WA,Washington,53
2015,5.441666666666666,52408.0,7167.287,WA,Washington,53
2016,5.191666666666666,54296.0,7299.961,WA,Washington,53
2017,4.6499999999999995,56800.0,7427.951,WA,Washington,53
2018,4.3999999999999995,59824.0,7526.793,WA,Washington,53
2019,4.183333333333334,63431.0,7614.024,WA,Washington,53
2020,8.700000000000001,67619.0,7727.209,WA,Washington,53
2021,5.191666666666667,73628.0,7743.76,WA,Washington,53
2022,4.058333333333334,75580.0,7794.123,WA,Washington,53
2023,4.2,80472.0,7857.32,WA,Washington,53
2003,6.125,24804.0,1812.295,WV,West Virginia,54
2004,5.375,25628.0,1816.438,WV,West Virginia,54
2005,5.041666666666667,26836.0,1820.492,WV,West Virginia,54
2006,4.7749999999999995,28528.0,1827.912,WV,West Virginia,54
2007,4.4750000000000005,29544.0,1834.052,WV,West Virginia,54
2008,4.5249999999999995,31494.0,1840.31,WV,West Virginia,54
2009,7.9750000000000005,31653.0,1847.775,WV,West Virginia,54
2010,8.4,32642.0,1854.265,WV,West Virginia,54
2011,7.708333333333333,34490.0,1856.606,WV,West Virginia,54
2012,7.2,35233.0,1857.446,WV,West Virginia,54
2013,6.708333333333333,35093.0,1854.768,WV,West Virginia,54
2014,6.491666666666667,36243.0,1850.569,WV,West Virginia,54
2015,6.541666666666667,37068.0,1843.332,WV,West Virginia,54
2016,6.075,37075.0,1832.435,WV,West Virginia,54
2017,5.2,38841.0,1818.683,WV,West Virginia,54
2018,5.141666666666667,41001.0,1805.953,WV,West Virginia,54
2019,4.925,42615.0,1795.263,WV,West Virginia,54
2020,8.333333333333334,44867.0,1791.646,WV,West Virginia,54
2021,5.141666666666667,48792.0,1785.618,WV,West Virginia,54
2022,3.858333333333333,50131.0,1774.122,WV,West Virginia,54
2023,3.858333333333333,52813.0,1770.495,WV,West Virginia,54
2003,5.608333333333333,32084.0,5479.203,WI,Wisconsin,55
2004,4.966666666666667,33319.0,5514.026,WI,Wisconsin,55
2005,4.708333333333333,34218.0,5546.166,WI,Wisconsin,55
2006,4.691666666666666,36047.0,5577.655,WI,Wisconsin,55
2007,4.825,37522.0,5610.775,WI,Wisconsin,55
2008,4.941666666666666,38857.0,5640.996,WI,Wisconsin,55
2009,8.833333333333334,38138.0,5669.264,WI,Wisconsin,55
2010,8.416666666666666,39048.0,5690.538,WI,Wisconsin,55
2011,7.55,41067.0,5705.84,WI,Wisconsin,55
2012,6.916666666666667,42639.0,5720.825,WI,Wisconsin,55
2013,6.666666666666667,42685.0,5738.012,WI,Wisconsin,55
2014,5.366666666666667,44156.0,5753.199,WI,Wisconsin,55
2015,4.416666666666667,45928.0,5762.927,WI,Wisconsin,55
2016,3.933333333333333,46595.0,5775.17,WI,Wisconsin,55
2017,3.283333333333333,48311.0,5793.147,WI,Wisconsin,55
2018,3.0,50520.0,5809.319,WI,Wisconsin,55
2019,3.2083333333333335,52370.0,5824.581,WI,Wisconsin,55
2020,6.433333333333334,55428.0,5897.375,WI,Wisconsin,55
2021,3.7916666666666665,60449.0,5881.608,WI,Wisconsin,55
2022,2.808333333333333,61851.0,5903.975,WI,Wisconsin,55
2023,2.8000000000000003,64763.0,5930.405,WI,Wisconsin,55
2003,4.358333333333333,33642.0,503.453,WY,Wyoming,56
2004,3.8333333333333335,35921.0,509.106,WY,Wyoming,56
2005,3.5666666666666664,38907.0,514.157,WY,Wyoming,56
2006,3.0749999999999997,43805.0,522.667,WY,Wyoming,56
2007,2.733333333333333,45634.0,534.876,WY,Wyoming,56
2008,3.0,49451.0,546.043,WY,Wyoming,56
2009,6.283333333333334,44499.0,559.851,WY,Wyoming,56
2010,6.875,46395.0,564.531,WY,Wyoming,56
2011,6.066666666666666,50631.0,567.491,WY,Wyoming,56
2012,5.441666666666666,53597.0,576.656,WY,Wyoming,56
2013,4.716666666666667,52835.0,582.62,WY,Wyoming,56
2014,4.358333333333333,56251.0,583.159,WY,Wyoming,56
2015,4.25,56120.0,586.389,WY,Wyoming,56
2016,5.2749999999999995,53419.0,585.243,WY,Wyoming,56
2017,4.341666666666667,56378.0,579.994,WY,Wyoming,56
2018,4.066666666666666,59197.0,579.054,WY,Wyoming,56
2019,3.733333333333333,61853.0,580.116,WY,Wyoming,56
2020,5.858333333333333,65094.0,577.681,WY,Wyoming,56
2021,4.55,70962.0,579.636,WY,Wyoming,56
2022,3.4333333333333336,76394.0,581.978,WY,Wyoming,56
2023,2.8833333333333333,81918.0,585.067,WY,Wyoming,56
